{"cameraMode":{"drawMode":0,"name":"Shaded","section":"Shading Mode"},"sceneLighting":true,"audioPlay":false,"sceneViewState":{"showFog":true,"showMaterialUpdate":false,"showSkybox":true,"showFlares":true,"showImageEffects":true,"showParticleSystems":true},"in2DMode":false,"pivot":{"x":-2.0220818519592287,"y":-0.7372586727142334,"z":0.5552577376365662},"rotation":{"x":-0.052143644541502,"y":-0.9351044297218323,"z":0.3143635392189026,"w":-0.15512658655643464},"size":44.44612121582031,"orthographic":false}